Experiment,Run,Pop_Size,Mut_Rate,Tour_Size,Div_Perc,Stag_Lim,Cost_Aware,Dataset,Best_Fitness,Solution_Gen,Total_Gens,Total_Time,Time_Per_Gen
2,3,1000,0.2,5,20,1500,1,bays29,3034,1924,5000,46.5889,0.0242021
2,3,1000,0.2,5,20,1500,1,berlin52,11734.9,4217,5000,68.9642,0.01635
2,3,1000,0.2,5,20,1500,1,eil101,1045.66,4130,5000,74.1234,0.0179432
2,3,1000,0.2,5,20,1500,1,eil51,655,2551,5000,57.1203,0.0223825
2,3,1000,0.2,5,20,1500,1,eil76,914.59,2803,5000,61.635,0.0219811
2,3,1000,0.2,5,20,1500,1,fri26,1283,576,5000,28.3192,0.0490801
2,3,1000,0.2,5,20,1500,1,gr17,2760,607,5000,28.3557,0.0466377
2,3,1000,0.2,5,20,1500,1,gr21,8094,2006,5000,47.395,0.0236148
2,3,1000,0.2,5,20,1500,1,gr24,1845,410,5000,25.9398,0.0631138
2,3,1000,0.2,5,20,1500,1,gr48,7551,4814,5000,68.5745,0.0142418
1,2,1000,0.2,3,15,1000,0,bays29,3005,2253,5000,50.4551,0.0223847
1,2,1000,0.2,3,15,1000,0,berlin52,11493.8,4979,5000,75.2102,0.0151025
1,2,1000,0.2,3,15,1000,0,eil101,1077.9,4761,5000,80.6826,0.016943
1,2,1000,0.2,3,15,1000,0,eil51,659.99,2824,5000,59.0934,0.020918
1,2,1000,0.2,3,15,1000,0,eil76,898.07,4856,5000,78.0112,0.0160616
1,2,1000,0.2,3,15,1000,0,fri26,1283,1262,5000,33.5086,0.0265309
1,2,1000,0.2,3,15,1000,0,gr17,2858,828,5000,26.4681,0.0319278
1,2,1000,0.2,3,15,1000,0,gr21,8138,1591,5000,37.9707,0.023851
1,2,1000,0.2,3,15,1000,0,gr24,1893,580,5000,23.4382,0.0403412
1,2,1000,0.2,3,15,1000,0,gr48,7724,3355,5000,65.6621,0.0195656
1,1,1000,0.2,3,15,1000,0,bays29,2955,2047,5000,47.7229,0.0233022
1,1,1000,0.2,3,15,1000,0,berlin52,11857.4,3700,5000,71.6306,0.0193544
1,1,1000,0.2,3,15,1000,0,eil101,1083.5,4953,5000,81.3755,0.0164262
1,1,1000,0.2,3,15,1000,0,eil51,662.3,4041,5000,77.318,0.0191287
1,1,1000,0.2,3,15,1000,0,eil76,913.14,4947,5000,78.797,0.015925
1,1,1000,0.2,3,15,1000,0,fri26,1302,664,5000,24.9436,0.0375092
1,1,1000,0.2,3,15,1000,0,gr17,2760,1148,5000,31.5698,0.0274759
1,1,1000,0.2,3,15,1000,0,gr21,7877,2352,5000,49.5979,0.0210786
1,1,1000,0.2,3,15,1000,0,gr24,1823,1851,5000,42.5474,0.0229738
1,1,1000,0.2,3,15,1000,0,gr48,7689,2011,5000,45.7353,0.0227313
2,1,1000,0.2,5,20,1500,1,bays29,3048,653,5000,31.2311,0.047754
2,1,1000,0.2,5,20,1500,1,berlin52,11892,3937,5000,73.7865,0.018737
2,1,1000,0.2,5,20,1500,1,eil101,1060.47,4552,5000,78.0242,0.0171369
2,1,1000,0.2,5,20,1500,1,eil51,656.93,4613,5000,74.2019,0.0160819
2,1,1000,0.2,5,20,1500,1,eil76,857.06,4278,5000,75.7584,0.0177047
2,1,1000,0.2,5,20,1500,1,fri26,1366,850,5000,34.0419,0.0400023
2,1,1000,0.2,5,20,1500,1,gr17,2760,194,5000,24.248,0.124349
2,1,1000,0.2,5,20,1500,1,gr21,8041,2454,5000,56.9289,0.0231889
2,1,1000,0.2,5,20,1500,1,gr24,1827,454,5000,28.2625,0.0621155
2,1,1000,0.2,5,20,1500,1,gr48,7430,4641,5000,73.0259,0.0157316
2,2,1000,0.2,5,20,1500,1,bays29,2942,2285,5000,54.6246,0.0238953
2,2,1000,0.2,5,20,1500,1,berlin52,11257.7,3202,5000,69.5973,0.0217288
2,2,1000,0.2,5,20,1500,1,eil101,1051.95,4263,5000,78.7088,0.0184589
2,2,1000,0.2,5,20,1500,1,eil51,641.75,3536,5000,74.8099,0.0211507
2,2,1000,0.2,5,20,1500,1,eil76,852.45,4159,5000,76.3118,0.0183442
2,2,1000,0.2,5,20,1500,1,fri26,1320,345,5000,26.8593,0.0776281
2,2,1000,0.2,5,20,1500,1,gr17,2858,399,5000,27.2724,0.068181
2,2,1000,0.2,5,20,1500,1,gr21,8214,848,5000,33.7725,0.0397792
2,2,1000,0.2,5,20,1500,1,gr24,1861,2254,5000,54.0749,0.02398
2,2,1000,0.2,5,20,1500,1,gr48,8013,4222,5000,73.312,0.0173602
1,3,1000,0.2,3,15,1000,0,bays29,3068,1724,5000,42.4307,0.0245975
1,3,1000,0.2,3,15,1000,0,berlin52,11628.5,4733,5000,75.4165,0.0159308
1,3,1000,0.2,3,15,1000,0,eil101,1082.34,4758,5000,80.6999,0.0169573
1,3,1000,0.2,3,15,1000,0,eil51,661.97,3762,5000,73.016,0.0194037
1,3,1000,0.2,3,15,1000,0,eil76,881.12,4990,5000,77.8787,0.0156038
1,3,1000,0.2,3,15,1000,0,fri26,1283,1448,5000,36.0946,0.02491
1,3,1000,0.2,3,15,1000,0,gr17,2760,794,5000,26.1078,0.03284
1,3,1000,0.2,3,15,1000,0,gr21,8674,976,5000,28.9847,0.029667
1,3,1000,0.2,3,15,1000,0,gr24,1886,3678,5000,69.3198,0.018842
1,3,1000,0.2,3,15,1000,0,gr48,7872,4227,5000,74.491,0.0176185
3,1,1000,0.2,7,30,2000,0,bays29,2916,1362,5000,53.3962,0.0391755
3,1,1000,0.2,7,30,2000,0,berlin52,11931.1,3628,5000,77.6383,0.0213939
3,1,1000,0.2,7,30,2000,0,eil101,1067.68,4692,5000,82.6799,0.0176177
3,1,1000,0.2,7,30,2000,0,eil51,686.49,4767,5000,78.5186,0.0164678
3,1,1000,0.2,7,30,2000,0,eil76,864.75,3696,5000,80.8103,0.0218584
3,1,1000,0.2,7,30,2000,0,fri26,1320,1109,5000,47.4036,0.042706
3,1,1000,0.2,7,30,2000,0,gr17,2991,618,5000,39.5706,0.0639267
3,1,1000,0.2,7,30,2000,0,gr21,8300,2189,5000,63.2774,0.0288938
3,1,1000,0.2,7,30,2000,0,gr24,1822,2128,5000,62.8835,0.0295366
3,1,1000,0.2,7,30,2000,0,gr48,7897,4576,5000,75.922,0.0165877
3,2,1000,0.2,7,30,2000,0,bays29,3014,2853,5000,76.8835,0.0269389
3,2,1000,0.2,7,30,2000,0,berlin52,11880.8,1888,5000,60.9238,0.0322519
3,2,1000,0.2,7,30,2000,0,eil101,1053.76,4856,5000,82.8181,0.0170513
3,2,1000,0.2,7,30,2000,0,eil51,645.71,2576,5000,72.5759,0.0281629
3,2,1000,0.2,7,30,2000,0,eil76,883.01,4166,5000,80.4599,0.0193088
3,2,1000,0.2,7,30,2000,0,fri26,1320,917,5000,44.8321,0.0488367
3,2,1000,0.2,7,30,2000,0,gr17,2760,164,5000,33.0026,0.200016
3,2,1000,0.2,7,30,2000,0,gr21,8150,3215,5000,76.337,0.0237366
3,2,1000,0.2,7,30,2000,0,gr24,1823,4427,5000,75.4519,0.0170397
3,2,1000,0.2,7,30,2000,0,gr48,7799,2227,5000,65.214,0.0292702
5,3,1000,0.3,5,30,1000,0,bays29,2948,620,5000,26.8729,0.0432735
5,3,1000,0.3,5,30,1000,0,berlin52,11612,4648,5000,77.7657,0.0167274
5,3,1000,0.3,5,30,1000,0,eil101,1032.29,4416,5000,82.5228,0.018683
5,3,1000,0.3,5,30,1000,0,eil51,656.75,2238,5000,50.2639,0.0224493
5,3,1000,0.3,5,30,1000,0,eil76,890.17,4883,5000,79.952,0.0163702
5,3,1000,0.3,5,30,1000,0,fri26,1302,1003,5000,30.5928,0.0304709
5,3,1000,0.3,5,30,1000,0,gr17,2760,407,5000,21.3019,0.0522106
5,3,1000,0.3,5,30,1000,0,gr21,8409,1442,5000,37.028,0.0256605
5,3,1000,0.3,5,30,1000,0,gr24,1827,1108,5000,31.988,0.028844
5,3,1000,0.3,5,30,1000,0,gr48,7671,1796,5000,43.3482,0.0241225
5,1,1000,0.3,5,30,1000,0,bays29,2989,2514,5000,55.6423,0.0221242
5,1,1000,0.3,5,30,1000,0,berlin52,11271.2,2494,5000,54.2962,0.021762
5,1,1000,0.3,5,30,1000,0,eil101,1073.13,4993,5000,82.7559,0.0165711
5,1,1000,0.3,5,30,1000,0,eil51,682.26,2975,5000,61.7588,0.0207523
5,1,1000,0.3,5,30,1000,0,eil76,914.62,2687,5000,59.2846,0.0220553
5,1,1000,0.3,5,30,1000,0,fri26,1302,1351,5000,35.8684,0.0265298
5,1,1000,0.3,5,30,1000,0,gr17,2858,162,5000,17.5992,0.107971
5,1,1000,0.3,5,30,1000,0,gr21,8954,1280,5000,34.5375,0.0269614
5,1,1000,0.3,5,30,1000,0,gr24,1823,370,5000,20.8392,0.0561703
5,1,1000,0.3,5,30,1000,0,gr48,7390,3345,5000,67.425,0.0201509
5,2,1000,0.3,5,30,1000,0,bays29,3002,1453,5000,39.4219,0.0271128
5,2,1000,0.3,5,30,1000,0,berlin52,11639,1366,5000,36.7092,0.0268539
5,2,1000,0.3,5,30,1000,0,eil101,1040,4774,5000,82.2372,0.0172224
5,2,1000,0.3,5,30,1000,0,eil51,671.81,3265,5000,66.1864,0.0202653
5,2,1000,0.3,5,30,1000,0,eil76,874.6,3454,5000,71.4878,0.0206911
5,2,1000,0.3,5,30,1000,0,fri26,1356,2036,5000,46.1951,0.022678
5,2,1000,0.3,5,30,1000,0,gr17,2760,247,5000,18.8694,0.0760864
5,2,1000,0.3,5,30,1000,0,gr21,8336,1848,5000,43.001,0.0232564
5,2,1000,0.3,5,30,1000,0,gr24,1925,393,5000,21.258,0.0539543
5,2,1000,0.3,5,30,1000,0,gr48,7816,4921,5000,77.2941,0.0157038
6,1,1000,0.3,7,15,1500,1,bays29,3013,2363,5000,54.1167,0.022892
6,1,1000,0.3,7,15,1500,1,berlin52,11476.7,1969,5000,49.7476,0.0252526
6,1,1000,0.3,7,15,1500,1,eil101,1052.32,4539,5000,76.2499,0.0167951
6,1,1000,0.3,7,15,1500,1,eil51,667.69,1784,5000,47.0683,0.0263688
6,1,1000,0.3,7,15,1500,1,eil76,871.96,4420,5000,73.9004,0.0167158
6,1,1000,0.3,7,15,1500,1,fri26,1428,524,5000,28.5256,0.0543344
6,1,1000,0.3,7,15,1500,1,gr17,2760,267,5000,24.6802,0.0920904
6,1,1000,0.3,7,15,1500,1,gr21,8489,2342,5000,53.6447,0.0228957
6,1,1000,0.3,7,15,1500,1,gr24,1845,2558,5000,57.2626,0.0223769
6,1,1000,0.3,7,15,1500,1,gr48,7796,4643,5000,71.1231,0.0153151
4,2,1000,0.3,3,20,2000,1,bays29,2926,1356,5000,48.1237,0.0354633
4,2,1000,0.3,3,20,2000,1,berlin52,11614.1,3559,5000,72.8994,0.0204774
4,2,1000,0.3,3,20,2000,1,eil101,1046.49,4855,5000,77.4765,0.0159548
4,2,1000,0.3,3,20,2000,1,eil51,666.84,1495,5000,51.2065,0.034229
4,2,1000,0.3,3,20,2000,1,eil76,886,4951,5000,75.046,0.0151547
4,2,1000,0.3,3,20,2000,1,fri26,1302,1320,5000,47.6797,0.0360936
4,2,1000,0.3,3,20,2000,1,gr17,2760,242,5000,31.6676,0.130319
4,2,1000,0.3,3,20,2000,1,gr21,8192,2292,5000,61.1991,0.0266895
4,2,1000,0.3,3,20,2000,1,gr24,1855,2483,5000,63.7219,0.0256529
4,2,1000,0.3,3,20,2000,1,gr48,7812,1920,5000,57.1885,0.0297702
4,3,1000,0.3,3,20,2000,1,bays29,3026,3016,5000,72.2919,0.0239615
4,3,1000,0.3,3,20,2000,1,berlin52,11666.7,4923,5000,72.9968,0.0148247
4,3,1000,0.3,3,20,2000,1,eil101,1043.14,4962,5000,77.5226,0.0156201
4,3,1000,0.3,3,20,2000,1,eil51,661.51,4481,5000,72.8547,0.0162549
4,3,1000,0.3,3,20,2000,1,eil76,856.28,4467,5000,75.2214,0.0168356
4,3,1000,0.3,3,20,2000,1,fri26,1320,597,5000,37.6079,0.0628895
4,3,1000,0.3,3,20,2000,1,gr17,2760,214,5000,31.6081,0.147014
4,3,1000,0.3,3,20,2000,1,gr21,8421,1304,5000,47.3997,0.0363216
4,3,1000,0.3,3,20,2000,1,gr24,1840,736,5000,39.5671,0.0536867
4,3,1000,0.3,3,20,2000,1,gr48,7582,2254,5000,62.4047,0.0276739
4,1,1000,0.3,3,20,2000,1,bays29,2926,3022,5000,71.6213,0.0236921
4,1,1000,0.3,3,20,2000,1,berlin52,11610,3501,5000,73.0857,0.0208697
4,1,1000,0.3,3,20,2000,1,eil101,1091.67,4978,5000,77.4319,0.0155517
4,1,1000,0.3,3,20,2000,1,eil51,659.32,4631,5000,72.7594,0.015708
4,1,1000,0.3,3,20,2000,1,eil76,876.15,4963,5000,74.8523,0.015079
4,1,1000,0.3,3,20,2000,1,fri26,1283,1418,5000,48.9041,0.0344638
4,1,1000,0.3,3,20,2000,1,gr17,2996,251,5000,31.9735,0.126879
4,1,1000,0.3,3,20,2000,1,gr21,8301,1542,5000,50.6002,0.0327934
4,1,1000,0.3,3,20,2000,1,gr24,1819,436,5000,34.9021,0.0798674
4,1,1000,0.3,3,20,2000,1,gr48,7710,3691,5000,72.9033,0.0197463
3,3,1000,0.2,7,30,2000,0,bays29,2926,1198,5000,53.7394,0.0448201
3,3,1000,0.2,7,30,2000,0,berlin52,11457,4465,5000,81.9962,0.0183601
3,3,1000,0.2,7,30,2000,0,eil101,1034.47,4863,5000,86.8098,0.0178474
3,3,1000,0.2,7,30,2000,0,eil51,651.18,4992,5000,82.5872,0.0165406
3,3,1000,0.2,7,30,2000,0,eil76,886.14,4545,5000,84.6736,0.0186259
3,3,1000,0.2,7,30,2000,0,fri26,1283,947,5000,47.7395,0.0503581
3,3,1000,0.2,7,30,2000,0,gr17,2991,313,5000,37.0919,0.118127
3,3,1000,0.2,7,30,2000,0,gr21,8560,3183,5000,79.8964,0.0250931
3,3,1000,0.2,7,30,2000,0,gr24,1823,3441,5000,79.5149,0.0231014
3,3,1000,0.2,7,30,2000,0,gr48,7765,4746,5000,80.7816,0.0170174
6,3,1000,0.3,7,15,1500,1,bays29,2957,1330,5000,39.1378,0.0294048
6,3,1000,0.3,7,15,1500,1,berlin52,11672.9,4207,5000,70.6326,0.0167853
6,3,1000,0.3,7,15,1500,1,eil101,1065.75,3859,5000,75.242,0.0194928
6,3,1000,0.3,7,15,1500,1,eil51,665.18,4488,5000,69.9978,0.0155932
6,3,1000,0.3,7,15,1500,1,eil76,870.67,4992,5000,72.6271,0.0145458
6,3,1000,0.3,7,15,1500,1,fri26,1302,344,5000,25.6709,0.0744085
6,3,1000,0.3,7,15,1500,1,gr17,2760,1831,5000,45.2986,0.0247263
6,3,1000,0.3,7,15,1500,1,gr21,8857,606,5000,29.007,0.0477874
6,3,1000,0.3,7,15,1500,1,gr24,1868,1226,5000,37.6747,0.0307047
6,3,1000,0.3,7,15,1500,1,gr48,7925,1481,5000,42.0694,0.0283869
8,2,1000,0.4,5,15,2000,1,bays29,2981,1728,5000,49.206,0.0284592
8,2,1000,0.4,5,15,2000,1,berlin52,11622.4,2239,5000,56.9753,0.0254354
8,2,1000,0.4,5,15,2000,1,eil101,1019.74,4329,5000,71.5646,0.0165276
8,2,1000,0.4,5,15,2000,1,eil51,654.59,4130,5000,66.7062,0.0161477
8,2,1000,0.4,5,15,2000,1,eil76,871.4,4966,5000,69.3384,0.0139598
8,2,1000,0.4,5,15,2000,1,fri26,1283,1882,5000,50.9508,0.0270583
8,2,1000,0.4,5,15,2000,1,gr17,2760,265,5000,29.5521,0.111098
8,2,1000,0.4,5,15,2000,1,gr21,8576,1369,5000,43.9996,0.0321165
8,2,1000,0.4,5,15,2000,1,gr24,1827,782,5000,36.6182,0.0467665
8,2,1000,0.4,5,15,2000,1,gr48,7834,4501,5000,66.8394,0.0148466
6,2,1000,0.3,7,15,1500,1,bays29,2997,818,5000,32.6264,0.0398369
6,2,1000,0.3,7,15,1500,1,berlin52,11903.7,3779,5000,71.9715,0.0190401
6,2,1000,0.3,7,15,1500,1,eil101,1029.9,4459,5000,76.2461,0.0170955
6,2,1000,0.3,7,15,1500,1,eil51,672.67,4029,5000,71.4787,0.0177367
6,2,1000,0.3,7,15,1500,1,eil76,891.17,4603,5000,73.7901,0.0160274
6,2,1000,0.3,7,15,1500,1,fri26,1363,2005,5000,49.0272,0.0244403
6,2,1000,0.3,7,15,1500,1,gr17,2760,464,5000,27.2213,0.0585404
6,2,1000,0.3,7,15,1500,1,gr21,8204,2538,5000,56.3248,0.0221839
6,2,1000,0.3,7,15,1500,1,gr24,1864,1410,5000,40.7308,0.0288666
6,2,1000,0.3,7,15,1500,1,gr48,7613,2357,5000,55.1171,0.0233745
8,1,1000,0.4,5,15,2000,1,bays29,2941,1624,5000,47.6014,0.0292932
8,1,1000,0.4,5,15,2000,1,berlin52,12118.8,1534,5000,47.6036,0.0310121
8,1,1000,0.4,5,15,2000,1,eil101,1027.79,4870,5000,71.8138,0.0147431
8,1,1000,0.4,5,15,2000,1,eil51,649.5,4223,5000,66.7783,0.0158093
8,1,1000,0.4,5,15,2000,1,eil76,883.07,3771,5000,69.517,0.0184297
8,1,1000,0.4,5,15,2000,1,fri26,1283,1187,5000,41.9867,0.0353424
8,1,1000,0.4,5,15,2000,1,gr17,2760,402,5000,31.3256,0.0777311
8,1,1000,0.4,5,15,2000,1,gr21,8315,3427,5000,65.3827,0.0190731
8,1,1000,0.4,5,15,2000,1,gr24,1823,1751,5000,49.1089,0.0280302
8,1,1000,0.4,5,15,2000,1,gr48,7676,3537,5000,67.131,0.0189743
8,3,1000,0.4,5,15,2000,1,bays29,2958,817,5000,39.468,0.0482494
8,3,1000,0.4,5,15,2000,1,berlin52,11272.3,3935,5000,71.7162,0.0182206
8,3,1000,0.4,5,15,2000,1,eil101,1046.25,4650,5000,76.1495,0.0163727
8,3,1000,0.4,5,15,2000,1,eil51,661.02,4001,5000,71.6041,0.0178921
8,3,1000,0.4,5,15,2000,1,eil76,858.35,4676,5000,73.611,0.0157389
8,3,1000,0.4,5,15,2000,1,fri26,1283,668,5000,37.6285,0.056246
8,3,1000,0.4,5,15,2000,1,gr17,2953,197,5000,30.7202,0.155152
8,3,1000,0.4,5,15,2000,1,gr21,8548,729,5000,38.19,0.0523151
8,3,1000,0.4,5,15,2000,1,gr24,1806,2075,5000,57.2578,0.0275809
8,3,1000,0.4,5,15,2000,1,gr48,7895,3557,5000,71.9814,0.0202309
7,1,1000,0.4,3,30,1500,0,bays29,2922,1241,5000,45.7194,0.0368111
7,1,1000,0.4,3,30,1500,0,berlin52,11560.1,2736,5000,68.6616,0.0250865
7,1,1000,0.4,3,30,1500,0,eil101,1028.02,4871,5000,85.8525,0.0176216
7,1,1000,0.4,3,30,1500,0,eil51,669.63,3010,5000,73.1551,0.0242959
7,1,1000,0.4,3,30,1500,0,eil76,887.22,3764,5000,83.6273,0.0222118
7,1,1000,0.4,3,30,1500,0,fri26,1320,468,5000,31.4347,0.067025
7,1,1000,0.4,3,30,1500,0,gr17,2760,470,5000,31.0075,0.0658334
7,1,1000,0.4,3,30,1500,0,gr21,8031,1066,5000,40.5395,0.0379939
7,1,1000,0.4,3,30,1500,0,gr24,1885,1313,5000,44.5393,0.0338959
7,1,1000,0.4,3,30,1500,0,gr48,7749,4142,5000,80.9923,0.0195492
7,3,1000,0.4,3,30,1500,0,bays29,2957,1196,5000,45.1642,0.0377311
7,3,1000,0.4,3,30,1500,0,berlin52,11634.5,4993,5000,81.6816,0.0163559
7,3,1000,0.4,3,30,1500,0,eil101,1036.36,4978,5000,86.6749,0.0174081
7,3,1000,0.4,3,30,1500,0,eil51,647.51,2104,5000,58.9641,0.0280114
7,3,1000,0.4,3,30,1500,0,eil76,848.94,4127,5000,84.3118,0.0204244
7,3,1000,0.4,3,30,1500,0,fri26,1283,843,5000,37.716,0.0446873
7,3,1000,0.4,3,30,1500,0,gr17,2953,1067,5000,41.0301,0.0384177
7,3,1000,0.4,3,30,1500,0,gr21,8516,1654,5000,50.4398,0.0304772
7,3,1000,0.4,3,30,1500,0,gr24,1823,1378,5000,46.304,0.0335779
7,3,1000,0.4,3,30,1500,0,gr48,7895,1758,5000,53.3431,0.0303258
7,2,1000,0.4,3,30,1500,0,bays29,2922,1355,5000,47.7465,0.0352113
7,2,1000,0.4,3,30,1500,0,berlin52,11779.4,2521,5000,65.6048,0.026013
7,2,1000,0.4,3,30,1500,0,eil101,1048.29,4641,5000,86.5383,0.0186425
7,2,1000,0.4,3,30,1500,0,eil51,664.14,2518,5000,65.4488,0.0259821
7,2,1000,0.4,3,30,1500,0,eil76,861.19,4177,5000,84.0856,0.0201258
7,2,1000,0.4,3,30,1500,0,fri26,1372,1126,5000,42.081,0.037339
7,2,1000,0.4,3,30,1500,0,gr17,2760,573,5000,32.7743,0.0570982
7,2,1000,0.4,3,30,1500,0,gr21,8671,3013,5000,71.9348,0.0238669
7,2,1000,0.4,3,30,1500,0,gr24,1823,1024,5000,40.3265,0.0393429
7,2,1000,0.4,3,30,1500,0,gr48,7694,3576,5000,81.2313,0.0227093
9,3,1000,0.4,7,20,1000,0,bays29,3016,1308,5000,36.8604,0.0281592
9,3,1000,0.4,7,20,1000,0,berlin52,11343.1,1918,5000,44.9933,0.0234462
9,3,1000,0.4,7,20,1000,0,eil101,1046.67,3733,5000,77.7782,0.0208297
9,3,1000,0.4,7,20,1000,0,eil51,653.85,2158,5000,48.47,0.0224502
9,3,1000,0.4,7,20,1000,0,eil76,867.95,3472,5000,71.4816,0.0205821
9,3,1000,0.4,7,20,1000,0,fri26,1302,296,5000,19.847,0.0668248
9,3,1000,0.4,7,20,1000,0,gr17,2760,131,5000,17.0475,0.129148
9,3,1000,0.4,7,20,1000,0,gr21,8422,881,5000,28.398,0.0321973
9,3,1000,0.4,7,20,1000,0,gr24,1923,692,5000,25.6885,0.0370685
9,3,1000,0.4,7,20,1000,0,gr48,7616,1234,5000,34.3637,0.0278249
9,1,1000,0.4,7,20,1000,0,bays29,2980,1838,5000,45.2271,0.0245933
9,1,1000,0.4,7,20,1000,0,berlin52,11850,2321,5000,51.716,0.0222722
9,1,1000,0.4,7,20,1000,0,eil101,1056.32,4732,5000,82.5197,0.017435
9,1,1000,0.4,7,20,1000,0,eil51,678.68,2650,5000,56.7869,0.0214209
9,1,1000,0.4,7,20,1000,0,eil76,883.1,3132,5000,66.4316,0.0212038
9,1,1000,0.4,7,20,1000,0,fri26,1384,1109,5000,32.2703,0.0290723
9,1,1000,0.4,7,20,1000,0,gr17,2996,130,5000,17.1382,0.130826
9,1,1000,0.4,7,20,1000,0,gr21,8882,787,5000,27.1781,0.0344899
9,1,1000,0.4,7,20,1000,0,gr24,1855,1591,5000,39.4057,0.0247523
9,1,1000,0.4,7,20,1000,0,gr48,7760,2143,5000,48.6661,0.0226988
9,2,1000,0.4,7,20,1000,0,bays29,2922,1213,5000,35.4531,0.0292035
9,2,1000,0.4,7,20,1000,0,berlin52,11874,2505,5000,54.1774,0.0216191
9,2,1000,0.4,7,20,1000,0,eil101,1035.66,4949,5000,81.887,0.0165428
9,2,1000,0.4,7,20,1000,0,eil51,642.93,4936,5000,77.1816,0.0156333
9,2,1000,0.4,7,20,1000,0,eil76,837.32,4765,5000,79.9646,0.0167781
9,2,1000,0.4,7,20,1000,0,fri26,1386,894,5000,28.7604,0.0321345
9,2,1000,0.4,7,20,1000,0,gr17,2858,25,5000,15.3908,0.591955
9,2,1000,0.4,7,20,1000,0,gr21,8558,101,5000,16.6729,0.16346
9,2,1000,0.4,7,20,1000,0,gr24,1853,506,5000,22.8715,0.0451115
9,2,1000,0.4,7,20,1000,0,gr48,7780,3641,5000,71.3125,0.0195806
11,2,2000,0.2,5,15,1000,0,bays29,2977,1069,5000,60.2951,0.0563506
11,2,2000,0.2,5,15,1000,0,berlin52,11568.8,2075,5000,89.1934,0.0429641
11,2,2000,0.2,5,15,1000,0,eil101,1021.45,3746,5000,144.72,0.0386229
11,2,2000,0.2,5,15,1000,0,eil51,660.38,2309,5000,95.767,0.0414576
11,2,2000,0.2,5,15,1000,0,eil76,885.41,2465,5000,104.1,0.0422139
11,2,2000,0.2,5,15,1000,0,fri26,1386,1084,5000,58.6713,0.0540749
11,2,2000,0.2,5,15,1000,0,gr17,2858,858,5000,51.563,0.0600268
11,2,2000,0.2,5,15,1000,0,gr21,8630,486,5000,41.5825,0.0853851
11,2,2000,0.2,5,15,1000,0,gr24,1914,2130,5000,87.6563,0.0411339
11,2,2000,0.2,5,15,1000,0,gr48,7477,2656,5000,104.797,0.0394419
11,1,2000,0.2,5,15,1000,0,bays29,3080,748,5000,48.317,0.0645086
11,1,2000,0.2,5,15,1000,0,berlin52,11703.6,4457,5000,135.972,0.0305008
11,1,2000,0.2,5,15,1000,0,eil101,1049.94,4046,5000,143.624,0.035489
11,1,2000,0.2,5,15,1000,0,eil51,676.98,2381,5000,91.7315,0.0385103
11,1,2000,0.2,5,15,1000,0,eil76,857.89,4894,5000,140.484,0.0286995
11,1,2000,0.2,5,15,1000,0,fri26,1283,633,5000,43.0466,0.0678969
11,1,2000,0.2,5,15,1000,0,gr17,2996,35,5000,27.1706,0.754738
11,1,2000,0.2,5,15,1000,0,gr21,8354,1850,5000,74.4323,0.040212
11,1,2000,0.2,5,15,1000,0,gr24,1886,2087,5000,80.6515,0.0386262
11,1,2000,0.2,5,15,1000,0,gr48,7664,3146,5000,111.38,0.0353924
10,2,2000,0.2,3,30,2000,1,bays29,2944,515,5000,71.0438,0.137682
10,2,2000,0.2,3,30,2000,1,berlin52,11593.5,3994,5000,144.304,0.0361213
10,2,2000,0.2,3,30,2000,1,eil101,1053.77,4991,5000,151.474,0.0303434
10,2,2000,0.2,3,30,2000,1,eil51,656.19,3241,5000,144.489,0.0445678
10,2,2000,0.2,3,30,2000,1,eil76,869.73,4714,5000,149.073,0.0316167
10,2,2000,0.2,3,30,2000,1,fri26,1302,1845,5000,108.04,0.0585265
10,2,2000,0.2,3,30,2000,1,gr17,2858,2355,5000,121.65,0.0516343
10,2,2000,0.2,3,30,2000,1,gr21,8231,1341,5000,93.5035,0.0696747
10,2,2000,0.2,3,30,2000,1,gr24,1845,1689,5000,103.647,0.0613294
10,2,2000,0.2,3,30,2000,1,gr48,7832,916,5000,83.993,0.0915954
10,3,2000,0.2,3,30,2000,1,bays29,3041,728,5000,76.9498,0.105555
10,3,2000,0.2,3,30,2000,1,berlin52,11881.4,3104,5000,145.342,0.046809
10,3,2000,0.2,3,30,2000,1,eil101,1031.37,4315,5000,151.482,0.0350979
10,3,2000,0.2,3,30,2000,1,eil51,662.83,2834,5000,139.696,0.0492756
10,3,2000,0.2,3,30,2000,1,eil76,864.12,4978,5000,148.341,0.0297933
10,3,2000,0.2,3,30,2000,1,fri26,1381,1163,5000,88.7616,0.0762556
10,3,2000,0.2,3,30,2000,1,gr17,2760,480,5000,69.0102,0.143472
10,3,2000,0.2,3,30,2000,1,gr21,8168,3334,5000,139.885,0.0419445
10,3,2000,0.2,3,30,2000,1,gr24,1838,1512,5000,98.367,0.0650146
10,3,2000,0.2,3,30,2000,1,gr48,7862,2614,5000,132.41,0.0506348
10,1,2000,0.2,3,30,2000,1,bays29,3056,701,5000,80.7201,0.114986
10,1,2000,0.2,3,30,2000,1,berlin52,11263.2,4595,5000,152.628,0.0332088
10,1,2000,0.2,3,30,2000,1,eil101,1027.89,4490,5000,159.534,0.0355229
10,1,2000,0.2,3,30,2000,1,eil51,676.51,3356,5000,152.834,0.0455269
10,1,2000,0.2,3,30,2000,1,eil76,869.9,4606,5000,156.506,0.0339713
10,1,2000,0.2,3,30,2000,1,fri26,1387,587,5000,77.2367,0.131355
10,1,2000,0.2,3,30,2000,1,gr17,2760,396,5000,70.6809,0.178038
10,1,2000,0.2,3,30,2000,1,gr21,8354,2338,5000,128.879,0.0551001
10,1,2000,0.2,3,30,2000,1,gr24,1870,825,5000,84.4252,0.10221
10,1,2000,0.2,3,30,2000,1,gr48,7803,3814,5000,151.209,0.0396353
11,3,2000,0.2,5,15,1000,0,bays29,3044,894,5000,50.9972,0.0569801
11,3,2000,0.2,5,15,1000,0,berlin52,11162.8,2666,5000,97.7933,0.0366679
11,3,2000,0.2,5,15,1000,0,eil101,1051.51,4794,5000,141.133,0.0294333
11,3,2000,0.2,5,15,1000,0,eil51,669.98,1792,5000,74.4138,0.0415024
11,3,2000,0.2,5,15,1000,0,eil76,864.21,3151,5000,115.155,0.0365339
11,3,2000,0.2,5,15,1000,0,fri26,1302,539,5000,40.155,0.0743611
11,3,2000,0.2,5,15,1000,0,gr17,2760,387,5000,35.733,0.0920955
11,3,2000,0.2,5,15,1000,0,gr21,8160,1188,5000,56.4422,0.0474703
11,3,2000,0.2,5,15,1000,0,gr24,1870,444,5000,37.4857,0.0842375
11,3,2000,0.2,5,15,1000,0,gr48,7671,1886,5000,76.465,0.040522
13,2,2000,0.3,3,15,1500,0,bays29,2960,1280,5000,75.4169,0.0588735
13,2,2000,0.3,3,15,1500,0,berlin52,11476.9,1283,5000,75.7868,0.059024
13,2,2000,0.3,3,15,1500,0,eil101,1048.01,4097,5000,143.171,0.0349369
13,2,2000,0.3,3,15,1500,0,eil51,661.48,1472,5000,80.8484,0.0548869
13,2,2000,0.3,3,15,1500,0,eil76,879.08,3958,5000,141.286,0.0356872
13,2,2000,0.3,3,15,1500,0,fri26,1301,745,5000,59.6299,0.0799328
13,2,2000,0.3,3,15,1500,0,gr17,2760,509,5000,52.6722,0.103279
13,2,2000,0.3,3,15,1500,0,gr21,8283,1048,5000,67.0912,0.0639573
13,2,2000,0.3,3,15,1500,0,gr24,1806,377,5000,49.8139,0.131783
13,2,2000,0.3,3,15,1500,0,gr48,7611,2053,5000,95.4391,0.046465
13,3,2000,0.3,3,15,1500,0,bays29,2974,973,5000,67.322,0.0691191
13,3,2000,0.3,3,15,1500,0,berlin52,11270.2,2030,5000,95.8621,0.0471995
13,3,2000,0.3,3,15,1500,0,eil101,1033.67,4641,5000,142.9,0.0307841
13,3,2000,0.3,3,15,1500,0,eil51,667.53,2599,5000,111.101,0.0427313
13,3,2000,0.3,3,15,1500,0,eil76,860.37,4651,5000,140.509,0.0302041
13,3,2000,0.3,3,15,1500,0,fri26,1301,443,5000,51.5109,0.116016
13,3,2000,0.3,3,15,1500,0,gr17,2760,521,5000,52.7596,0.101072
13,3,2000,0.3,3,15,1500,0,gr21,7939,1381,5000,75.2809,0.0544724
13,3,2000,0.3,3,15,1500,0,gr24,1840,1165,5000,70.1928,0.0601997
13,3,2000,0.3,3,15,1500,0,gr48,7736,3451,5000,132.33,0.0383342
13,1,2000,0.3,3,15,1500,0,bays29,2948,2139,5000,97.9788,0.0457845
13,1,2000,0.3,3,15,1500,0,berlin52,11582.9,3692,5000,135.659,0.036734
13,1,2000,0.3,3,15,1500,0,eil101,1066.37,4934,5000,142.451,0.0288655
13,1,2000,0.3,3,15,1500,0,eil51,649.98,2136,5000,98.6576,0.0461664
13,1,2000,0.3,3,15,1500,0,eil76,860.9,2329,5000,108.156,0.0464187
13,1,2000,0.3,3,15,1500,0,fri26,1302,437,5000,51.3765,0.117298
13,1,2000,0.3,3,15,1500,0,gr17,2760,179,5000,44.0457,0.244698
13,1,2000,0.3,3,15,1500,0,gr21,8511,432,5000,50.8948,0.11754
13,1,2000,0.3,3,15,1500,0,gr24,1859,1734,5000,85.096,0.0490467
13,1,2000,0.3,3,15,1500,0,gr48,7860,3565,5000,134.207,0.0376353
12,3,2000,0.2,7,20,1500,1,bays29,2975,1183,5000,75.8112,0.0640298
12,3,2000,0.2,7,20,1500,1,berlin52,11849,3357,5000,141.276,0.0420713
12,3,2000,0.2,7,20,1500,1,eil101,1061.86,4681,5000,151.536,0.0323656
12,3,2000,0.2,7,20,1500,1,eil51,659.23,1723,5000,93.1346,0.0540224
12,3,2000,0.2,7,20,1500,1,eil76,863.22,3798,5000,150.278,0.0395574
12,3,2000,0.2,7,20,1500,1,fri26,1302,3196,5000,132.562,0.0414645
12,3,2000,0.2,7,20,1500,1,gr17,2760,480,5000,55.2635,0.114893
12,3,2000,0.2,7,20,1500,1,gr21,8344,966,5000,69.3362,0.0717023
12,3,2000,0.2,7,20,1500,1,gr24,1871,121,5000,46.1831,0.37855
12,3,2000,0.2,7,20,1500,1,gr48,7688,2470,5000,114.283,0.0462496
12,2,2000,0.2,7,20,1500,1,bays29,2936,1093,5000,72.2192,0.0660139
12,2,2000,0.2,7,20,1500,1,berlin52,11410.2,1352,5000,81.4818,0.0602231
12,2,2000,0.2,7,20,1500,1,eil101,1042,4878,5000,149.398,0.0306207
12,2,2000,0.2,7,20,1500,1,eil51,648.84,4257,5000,142.042,0.0333589
12,2,2000,0.2,7,20,1500,1,eil76,868.98,3141,5000,137.771,0.0438483
12,2,2000,0.2,7,20,1500,1,fri26,1283,302,5000,50.3015,0.166011
12,2,2000,0.2,7,20,1500,1,gr17,2760,1130,5000,71.8713,0.0635467
12,2,2000,0.2,7,20,1500,1,gr21,7962,2764,5000,118.283,0.0427786
12,2,2000,0.2,7,20,1500,1,gr24,1880,1893,5000,94.3329,0.0498062
12,2,2000,0.2,7,20,1500,1,gr48,7418,3502,5000,141.536,0.0404044
14,1,2000,0.3,5,20,2000,1,bays29,2967,1526,5000,93.5922,0.0612915
14,1,2000,0.3,5,20,2000,1,berlin52,11360.4,2007,5000,109.338,0.0544511
14,1,2000,0.3,5,20,2000,1,eil101,1002.69,4405,5000,142.656,0.0323778
14,1,2000,0.3,5,20,2000,1,eil51,638.1,3971,5000,135.197,0.0340375
14,1,2000,0.3,5,20,2000,1,eil76,870.03,4424,5000,141.115,0.0318903
14,1,2000,0.3,5,20,2000,1,fri26,1301,622,5000,69.6441,0.111788
14,1,2000,0.3,5,20,2000,1,gr17,2760,244,5000,59.0606,0.241064
14,1,2000,0.3,5,20,2000,1,gr21,8261,1182,5000,83.633,0.0706957
14,1,2000,0.3,5,20,2000,1,gr24,1823,2284,5000,113.098,0.0494957
14,1,2000,0.3,5,20,2000,1,gr48,7708,3090,5000,134.81,0.0436138
12,1,2000,0.2,7,20,1500,1,bays29,2956,1186,5000,74.7548,0.062978
12,1,2000,0.2,7,20,1500,1,berlin52,11447.2,3561,5000,143.622,0.0403206
12,1,2000,0.2,7,20,1500,1,eil101,1048.22,4715,5000,149.504,0.0317013
12,1,2000,0.2,7,20,1500,1,eil51,651.51,3308,5000,137.329,0.0415017
12,1,2000,0.2,7,20,1500,1,eil76,865.51,4115,5000,147.868,0.0359251
12,1,2000,0.2,7,20,1500,1,fri26,1363,689,5000,61.0519,0.088481
12,1,2000,0.2,7,20,1500,1,gr17,2760,499,5000,54.6625,0.109325
12,1,2000,0.2,7,20,1500,1,gr21,8261,3290,5000,132.668,0.0403123
12,1,2000,0.2,7,20,1500,1,gr24,1855,1451,5000,81.7745,0.0563185
12,1,2000,0.2,7,20,1500,1,gr48,7722,2328,5000,108.407,0.0465466
16,3,2000,0.4,3,20,1000,1,bays29,3091,1429,5000,68.1054,0.0476261
16,3,2000,0.4,3,20,1000,1,berlin52,11537.6,2649,5000,107.038,0.0403917
16,3,2000,0.4,3,20,1000,1,eil101,1026.57,4706,5000,150.972,0.0320739
16,3,2000,0.4,3,20,1000,1,eil51,668.75,2924,5000,113.267,0.0387236
16,3,2000,0.4,3,20,1000,1,eil76,843.52,2122,5000,93.5335,0.0440572
16,3,2000,0.4,3,20,1000,1,fri26,1283,422,5000,40.1194,0.094845
16,3,2000,0.4,3,20,1000,1,gr17,2760,195,5000,33.4301,0.170561
16,3,2000,0.4,3,20,1000,1,gr21,8127,2045,5000,85.0157,0.0415521
16,3,2000,0.4,3,20,1000,1,gr24,1823,647,5000,46.3312,0.0714987
16,3,2000,0.4,3,20,1000,1,gr48,7661,1966,5000,84.6478,0.0430339
15,3,2000,0.3,7,30,1000,0,bays29,3005,1174,5000,64.3571,0.054772
15,3,2000,0.3,7,30,1000,0,berlin52,11599,1321,5000,69.6034,0.0526501
15,3,2000,0.3,7,30,1000,0,eil101,1028.85,4933,5000,154.088,0.0312298
15,3,2000,0.3,7,30,1000,0,eil51,648.11,1196,5000,65.0644,0.0543563
15,3,2000,0.3,7,30,1000,0,eil76,873.69,3095,5000,124.737,0.0402898
15,3,2000,0.3,7,30,1000,0,fri26,1301,971,5000,56.6522,0.0582841
15,3,2000,0.3,7,30,1000,0,gr17,2760,457,5000,41.5348,0.0906874
15,3,2000,0.3,7,30,1000,0,gr21,7788,807,5000,51.4972,0.0637342
15,3,2000,0.3,7,30,1000,0,gr24,1861,1927,5000,84.0722,0.0436059
15,3,2000,0.3,7,30,1000,0,gr48,7427,4333,5000,146.077,0.033705
16,2,2000,0.4,3,20,1000,1,bays29,2926,844,5000,48.4709,0.057362
16,2,2000,0.4,3,20,1000,1,berlin52,11332.1,4633,5000,136.123,0.0293747
16,2,2000,0.4,3,20,1000,1,eil101,1058.42,4717,5000,140.906,0.0298655
16,2,2000,0.4,3,20,1000,1,eil51,674.5,2974,5000,107.183,0.0360281
16,2,2000,0.4,3,20,1000,1,eil76,864.8,4768,5000,139.739,0.0293015
16,2,2000,0.4,3,20,1000,1,fri26,1301,1460,5000,64.2793,0.0439968
16,2,2000,0.4,3,20,1000,1,gr17,2760,317,5000,34.2172,0.107601
16,2,2000,0.4,3,20,1000,1,gr21,7852,1564,5000,66.8613,0.0427229
16,2,2000,0.4,3,20,1000,1,gr24,1838,403,5000,36.8682,0.0912579
16,2,2000,0.4,3,20,1000,1,gr48,7656,2583,5000,96.1084,0.0371937
16,1,2000,0.4,3,20,1000,1,bays29,2975,1781,5000,77.6336,0.0435654
16,1,2000,0.4,3,20,1000,1,berlin52,11658.2,3458,5000,129.391,0.0374071
16,1,2000,0.4,3,20,1000,1,eil101,1016.13,4147,5000,150.698,0.0363303
16,1,2000,0.4,3,20,1000,1,eil51,661.25,3115,5000,117.83,0.0378146
16,1,2000,0.4,3,20,1000,1,eil76,886.17,2105,5000,92.6827,0.0440089
16,1,2000,0.4,3,20,1000,1,fri26,1283,917,5000,53.596,0.0583835
16,1,2000,0.4,3,20,1000,1,gr17,2760,445,5000,40.0292,0.0897515
16,1,2000,0.4,3,20,1000,1,gr21,8394,1433,5000,67.7767,0.0472641
16,1,2000,0.4,3,20,1000,1,gr24,1843,1336,5000,65.0585,0.04866
16,1,2000,0.4,3,20,1000,1,gr48,7584,2451,5000,98.736,0.0402675
15,1,2000,0.3,7,30,1000,0,bays29,2942,852,5000,57.9275,0.0679103
15,1,2000,0.3,7,30,1000,0,berlin52,11619.2,2512,5000,109.673,0.0436424
15,1,2000,0.3,7,30,1000,0,eil101,1038.89,4300,5000,163.096,0.0379205
15,1,2000,0.3,7,30,1000,0,eil51,664.41,2709,5000,114.329,0.0421877
15,1,2000,0.3,7,30,1000,0,eil76,880.62,4633,5000,159.962,0.0345192
15,1,2000,0.3,7,30,1000,0,fri26,1302,1450,5000,73.8665,0.0509073
15,1,2000,0.3,7,30,1000,0,gr17,2858,415,5000,42.2118,0.101471
15,1,2000,0.3,7,30,1000,0,gr21,8286,1404,5000,71.9665,0.0512217
15,1,2000,0.3,7,30,1000,0,gr24,1823,1084,5000,62.6787,0.0577684
15,1,2000,0.3,7,30,1000,0,gr48,7938,1374,5000,73.0588,0.0531337
15,2,2000,0.3,7,30,1000,0,bays29,2928,2251,5000,102.547,0.045536
15,2,2000,0.3,7,30,1000,0,berlin52,11162,1506,5000,78.3241,0.0519735
15,2,2000,0.3,7,30,1000,0,eil101,1047.09,3775,5000,156.965,0.0415691
15,2,2000,0.3,7,30,1000,0,eil51,661.54,2198,5000,99.4582,0.0452288
15,2,2000,0.3,7,30,1000,0,eil76,866.64,4988,5000,161.374,0.032346
15,2,2000,0.3,7,30,1000,0,fri26,1302,1930,5000,89.7944,0.0465015
15,2,2000,0.3,7,30,1000,0,gr17,2760,380,5000,41.6029,0.109194
15,2,2000,0.3,7,30,1000,0,gr21,8192,1182,5000,66.1076,0.0558813
15,2,2000,0.3,7,30,1000,0,gr24,1845,2011,5000,91.9706,0.045711
15,2,2000,0.3,7,30,1000,0,gr48,7578,3358,5000,134.783,0.0401259
14,2,2000,0.3,5,20,2000,1,bays29,3013,574,5000,72.9197,0.126817
14,2,2000,0.3,5,20,2000,1,berlin52,11515.2,4117,5000,145.745,0.0353921
14,2,2000,0.3,5,20,2000,1,eil101,1046.16,4854,5000,150.841,0.0310692
14,2,2000,0.3,5,20,2000,1,eil51,670.15,3359,5000,145.022,0.0431612
14,2,2000,0.3,5,20,2000,1,eil76,846.53,4436,5000,149.525,0.0336997
14,2,2000,0.3,5,20,2000,1,fri26,1283,1182,5000,89.935,0.0760229
14,2,2000,0.3,5,20,2000,1,gr17,2996,66,5000,58.0037,0.865727
14,2,2000,0.3,5,20,2000,1,gr21,8288,921,5000,82.3874,0.0893573
14,2,2000,0.3,5,20,2000,1,gr24,1844,304,5000,65.5658,0.21497
14,2,2000,0.3,5,20,2000,1,gr48,7606,3860,5000,144.116,0.037326
14,3,2000,0.3,5,20,2000,1,bays29,2928,1098,5000,87.845,0.0799318
14,3,2000,0.3,5,20,2000,1,berlin52,11941.8,2118,5000,118.714,0.0560237
14,3,2000,0.3,5,20,2000,1,eil101,1029.15,4767,5000,149.948,0.0314488
14,3,2000,0.3,5,20,2000,1,eil51,648.24,4182,5000,142.545,0.0340771
14,3,2000,0.3,5,20,2000,1,eil76,856.43,4971,5000,148.051,0.0297769
14,3,2000,0.3,5,20,2000,1,fri26,1301,515,5000,70.6709,0.136959
14,3,2000,0.3,5,20,2000,1,gr17,2760,749,5000,75.8085,0.101078
14,3,2000,0.3,5,20,2000,1,gr21,8192,3427,5000,139.614,0.0407275
14,3,2000,0.3,5,20,2000,1,gr24,1878,401,5000,67.3411,0.167515
14,3,2000,0.3,5,20,2000,1,gr48,7650,2642,5000,132.385,0.0500891
17,3,2000,0.4,5,30,1500,0,bays29,2967,728,5000,69.954,0.0959589
17,3,2000,0.4,5,30,1500,0,berlin52,11288.8,2449,5000,123.118,0.0502522
17,3,2000,0.4,5,30,1500,0,eil101,1049.89,4163,5000,163.504,0.0392661
17,3,2000,0.4,5,30,1500,0,eil51,646.6,1875,5000,105.33,0.0561458
17,3,2000,0.4,5,30,1500,0,eil76,851.37,2638,5000,134.296,0.0508888
17,3,2000,0.4,5,30,1500,0,fri26,1283,658,5000,65.9539,0.100082
17,3,2000,0.4,5,30,1500,0,gr17,2760,470,5000,59.3946,0.126103
17,3,2000,0.4,5,30,1500,0,gr21,8344,477,5000,60.1121,0.125757
17,3,2000,0.4,5,30,1500,0,gr24,1823,1099,5000,78.904,0.0717309
17,3,2000,0.4,5,30,1500,0,gr48,7684,1545,5000,94.4287,0.0610794
18,2,2000,0.4,7,15,2000,1,bays29,2942,715,5000,69.6906,0.0973332
18,2,2000,0.4,7,15,2000,1,berlin52,11445.6,3972,5000,131.24,0.033033
18,2,2000,0.4,7,15,2000,1,eil101,1017.31,3981,5000,138.252,0.0347192
18,2,2000,0.4,7,15,2000,1,eil51,652.21,1062,5000,80.8111,0.0760217
18,2,2000,0.4,7,15,2000,1,eil76,895.11,3575,5000,136.881,0.0382777
18,2,2000,0.4,7,15,2000,1,fri26,1328,474,5000,63.681,0.134065
18,2,2000,0.4,7,15,2000,1,gr17,2760,353,5000,59.8465,0.169058
18,2,2000,0.4,7,15,2000,1,gr21,8081,1087,5000,78.6955,0.0723304
18,2,2000,0.4,7,15,2000,1,gr24,1855,821,5000,72.307,0.0879647
18,2,2000,0.4,7,15,2000,1,gr48,7581,4139,5000,130.341,0.0314834
18,3,2000,0.4,7,15,2000,1,bays29,2953,1176,5000,81.1853,0.0689764
18,3,2000,0.4,7,15,2000,1,berlin52,11465.8,4734,5000,131.795,0.0278343
18,3,2000,0.4,7,15,2000,1,eil101,1032.24,4499,5000,138.138,0.0306974
18,3,2000,0.4,7,15,2000,1,eil51,650.75,4118,5000,131.72,0.0319787
18,3,2000,0.4,7,15,2000,1,eil76,859.56,4902,5000,136.201,0.0277791
18,3,2000,0.4,7,15,2000,1,fri26,1320,815,5000,72.2883,0.0885886
18,3,2000,0.4,7,15,2000,1,gr17,2760,451,5000,62.2406,0.1377
18,3,2000,0.4,7,15,2000,1,gr21,8342,628,5000,67.0463,0.106592
18,3,2000,0.4,7,15,2000,1,gr24,1822,379,5000,61.2819,0.161268
18,3,2000,0.4,7,15,2000,1,gr48,7476,2276,5000,111.872,0.0491314
17,2,2000,0.4,5,30,1500,0,bays29,2960,880,5000,74.1583,0.0841751
17,2,2000,0.4,5,30,1500,0,berlin52,11710.3,1880,5000,105.202,0.055929
17,2,2000,0.4,5,30,1500,0,eil101,1049.16,4700,5000,162.832,0.0346378
17,2,2000,0.4,5,30,1500,0,eil51,668.08,1981,5000,108.482,0.0547336
17,2,2000,0.4,5,30,1500,0,eil76,845.38,3222,5000,151.865,0.0471191
17,2,2000,0.4,5,30,1500,0,fri26,1283,503,5000,61.027,0.121085
17,2,2000,0.4,5,30,1500,0,gr17,2760,420,5000,57.6882,0.137027
17,2,2000,0.4,5,30,1500,0,gr21,8285,893,5000,72.1787,0.0807368
17,2,2000,0.4,5,30,1500,0,gr24,1840,1535,5000,92.1717,0.0600076
17,2,2000,0.4,5,30,1500,0,gr48,7564,3711,5000,153.77,0.0414251
17,1,2000,0.4,5,30,1500,0,bays29,3060,904,5000,75.5854,0.0835198
17,1,2000,0.4,5,30,1500,0,berlin52,11776.2,3306,5000,150.122,0.0453951
17,1,2000,0.4,5,30,1500,0,eil101,1035.48,4712,5000,164.036,0.034805
17,1,2000,0.4,5,30,1500,0,eil51,651.84,2777,5000,134.043,0.0482515
17,1,2000,0.4,5,30,1500,0,eil76,866.42,4981,5000,161.469,0.0324104
17,1,2000,0.4,5,30,1500,0,fri26,1301,746,5000,68.7838,0.09208
17,1,2000,0.4,5,30,1500,0,gr17,2760,256,5000,53.2294,0.207118
17,1,2000,0.4,5,30,1500,0,gr21,8427,1659,5000,96.4746,0.0581172
17,1,2000,0.4,5,30,1500,0,gr24,1838,879,5000,72.6191,0.0825217
17,1,2000,0.4,5,30,1500,0,gr48,7725,2703,5000,130.489,0.0482577
18,1,2000,0.4,7,15,2000,1,bays29,3070,1548,5000,96.8066,0.0624962
18,1,2000,0.4,7,15,2000,1,berlin52,11763.1,4084,5000,139.902,0.0342477
18,1,2000,0.4,7,15,2000,1,eil101,1039.43,4736,5000,146.946,0.0310209
18,1,2000,0.4,7,15,2000,1,eil51,667.49,1885,5000,108.904,0.0577434
18,1,2000,0.4,7,15,2000,1,eil76,865.07,2793,5000,139.474,0.0499191
18,1,2000,0.4,7,15,2000,1,fri26,1283,433,5000,66.6064,0.153471
18,1,2000,0.4,7,15,2000,1,gr17,2760,338,5000,62.6033,0.18467
18,1,2000,0.4,7,15,2000,1,gr21,8460,829,5000,76.7379,0.0924553
18,1,2000,0.4,7,15,2000,1,gr24,1840,4460,5000,136.635,0.0306289
18,1,2000,0.4,7,15,2000,1,gr48,7771,3819,5000,138.876,0.036355
19,1,3000,0.2,3,20,1500,0,bays29,2975,964,5000,101.461,0.105141
19,1,3000,0.2,3,20,1500,0,berlin52,11713.6,3598,5000,209.388,0.0581795
19,1,3000,0.2,3,20,1500,0,eil101,1040.52,4935,5000,216.844,0.0439311
19,1,3000,0.2,3,20,1500,0,eil51,669.65,2546,5000,168.627,0.0662061
19,1,3000,0.2,3,20,1500,0,eil76,867.99,4704,5000,210.655,0.0447726
19,1,3000,0.2,3,20,1500,0,fri26,1302,610,5000,85.3823,0.139742
19,1,3000,0.2,3,20,1500,0,gr17,2760,108,5000,64.5905,0.592573
19,1,3000,0.2,3,20,1500,0,gr21,8292,1628,5000,124.866,0.0766517
19,1,3000,0.2,3,20,1500,0,gr24,1855,1820,5000,132.482,0.0727523
19,1,3000,0.2,3,20,1500,0,gr48,7612,3878,5000,206.504,0.0532365
19,2,3000,0.2,3,20,1500,0,bays29,2928,1158,5000,115.799,0.0999131
19,2,3000,0.2,3,20,1500,0,berlin52,11709.2,3338,5000,215.913,0.0646639
19,2,3000,0.2,3,20,1500,0,eil101,1037.29,4895,5000,230.496,0.0470784
19,2,3000,0.2,3,20,1500,0,eil51,659.88,2903,5000,194.946,0.0671303
19,2,3000,0.2,3,20,1500,0,eil76,883.78,4644,5000,223.491,0.0481144
19,2,3000,0.2,3,20,1500,0,fri26,1334,1389,5000,124.134,0.0893048
19,2,3000,0.2,3,20,1500,0,gr17,2760,597,5000,89.0168,0.148858
19,2,3000,0.2,3,20,1500,0,gr21,8192,1502,5000,127.435,0.0847872
19,2,3000,0.2,3,20,1500,0,gr24,1876,2873,5000,185.816,0.0646541
19,2,3000,0.2,3,20,1500,0,gr48,7514,4397,5000,219.537,0.0499174
21,1,3000,0.2,7,15,1000,0,bays29,2976,626,5000,65.3552,0.104235
21,1,3000,0.2,7,15,1000,0,berlin52,11175.1,1910,5000,117.413,0.0614404
21,1,3000,0.2,7,15,1000,0,eil101,1019.94,4598,5000,209.777,0.0456137
21,1,3000,0.2,7,15,1000,0,eil51,662.6,2732,5000,150.146,0.0549381
21,1,3000,0.2,7,15,1000,0,eil76,848.49,4699,5000,204.365,0.0434818
21,1,3000,0.2,7,15,1000,0,fri26,1365,797,5000,69.7173,0.0873651
21,1,3000,0.2,7,15,1000,0,gr17,2760,777,5000,68.1138,0.0875499
21,1,3000,0.2,7,15,1000,0,gr21,8351,1004,5000,77.1701,0.0767861
21,1,3000,0.2,7,15,1000,0,gr24,1841,1538,5000,98.3694,0.0639178
21,1,3000,0.2,7,15,1000,0,gr48,7580,2710,5000,147.413,0.0543757
21,2,3000,0.2,7,15,1000,0,bays29,2926,424,5000,57.6914,0.135744
21,2,3000,0.2,7,15,1000,0,berlin52,11668.4,2071,5000,124.294,0.0599873
21,2,3000,0.2,7,15,1000,0,eil101,1045.23,4658,5000,210.794,0.0452445
21,2,3000,0.2,7,15,1000,0,eil51,681.96,2616,5000,146.062,0.0558129
21,2,3000,0.2,7,15,1000,0,eil76,879.33,4587,5000,204.603,0.0445953
21,2,3000,0.2,7,15,1000,0,fri26,1283,951,5000,76.1217,0.0799598
21,2,3000,0.2,7,15,1000,0,gr17,2760,245,5000,48.2698,0.196219
21,2,3000,0.2,7,15,1000,0,gr21,8377,1330,5000,90.5416,0.0680252
21,2,3000,0.2,7,15,1000,0,gr24,1871,1408,5000,94.5009,0.0670695
21,2,3000,0.2,7,15,1000,0,gr48,7402,3051,5000,162.399,0.0532106
21,3,3000,0.2,7,15,1000,0,bays29,2975,243,5000,50.3521,0.206361
21,3,3000,0.2,7,15,1000,0,berlin52,11672,2342,5000,134.435,0.0573775
21,3,3000,0.2,7,15,1000,0,eil101,1031.19,4701,5000,210.381,0.0447429
21,3,3000,0.2,7,15,1000,0,eil51,658.42,3386,5000,175.924,0.0519408
21,3,3000,0.2,7,15,1000,0,eil76,860.86,4961,5000,203.885,0.0410892
21,3,3000,0.2,7,15,1000,0,fri26,1302,2539,5000,137,0.0539369
21,3,3000,0.2,7,15,1000,0,gr17,2760,1029,5000,77.6126,0.0753521
21,3,3000,0.2,7,15,1000,0,gr21,8272,1880,5000,110.994,0.059008
21,3,3000,0.2,7,15,1000,0,gr24,1823,639,5000,63.6987,0.0995293
21,3,3000,0.2,7,15,1000,0,gr48,7732,2489,5000,138.875,0.0557729
22,1,3000,0.3,3,30,1000,1,bays29,2939,948,5000,81.0375,0.0853926
22,1,3000,0.3,3,30,1000,1,berlin52,11162.6,2303,5000,143.244,0.0621718
22,1,3000,0.3,3,30,1000,1,eil101,1042.07,3923,5000,221.139,0.0563556
22,1,3000,0.3,3,30,1000,1,eil51,664.38,3935,5000,212.692,0.0540376
22,1,3000,0.3,3,30,1000,1,eil76,864.94,4440,5000,218.639,0.0492319
22,1,3000,0.3,3,30,1000,1,fri26,1361,626,5000,67.8032,0.108139
22,1,3000,0.3,3,30,1000,1,gr17,2953,606,5000,66.4109,0.109408
22,1,3000,0.3,3,30,1000,1,gr21,7788,1655,5000,110.253,0.0665781
22,1,3000,0.3,3,30,1000,1,gr24,1855,1554,5000,106.244,0.0683244
22,1,3000,0.3,3,30,1000,1,gr48,7544,2296,5000,140.912,0.0613462
19,3,3000,0.2,3,20,1500,0,bays29,2960,1786,5000,142.316,0.0796396
19,3,3000,0.2,3,20,1500,0,berlin52,11576.6,3240,5000,210.204,0.0648577
19,3,3000,0.2,3,20,1500,0,eil101,1035.88,4673,5000,229.48,0.0490971
19,3,3000,0.2,3,20,1500,0,eil51,649.72,4530,5000,219.219,0.0483821
19,3,3000,0.2,3,20,1500,0,eil76,889.4,4900,5000,222.302,0.0453585
19,3,3000,0.2,3,20,1500,0,fri26,1302,1115,5000,111.61,0.100009
19,3,3000,0.2,3,20,1500,0,gr17,2760,508,5000,84.2822,0.165584
19,3,3000,0.2,3,20,1500,0,gr21,8265,657,5000,91.7573,0.139449
19,3,3000,0.2,3,20,1500,0,gr24,1843,566,5000,88.3669,0.15585
19,3,3000,0.2,3,20,1500,0,gr48,7728,3215,5000,205.35,0.0638527
20,3,3000,0.2,5,30,2000,1,bays29,2975,595,5000,115.348,0.193537
20,3,3000,0.2,5,30,2000,1,berlin52,11486.2,1204,5000,147.486,0.122395
20,3,3000,0.2,5,30,2000,1,eil101,1037.64,4622,5000,237.285,0.0513272
20,3,3000,0.2,5,30,2000,1,eil51,668.14,2720,5000,215.932,0.0793576
20,3,3000,0.2,5,30,2000,1,eil76,862.19,4477,5000,229.964,0.0513542
20,3,3000,0.2,5,30,2000,1,fri26,1361,758,5000,122.453,0.161335
20,3,3000,0.2,5,30,2000,1,gr17,2760,377,5000,103.641,0.274183
20,3,3000,0.2,5,30,2000,1,gr21,8251,988,5000,131.705,0.13317
20,3,3000,0.2,5,30,2000,1,gr24,1855,1365,5000,148.675,0.108839
20,3,3000,0.2,5,30,2000,1,gr48,7781,2098,5000,187.083,0.0891296
20,1,3000,0.2,5,30,2000,1,bays29,2939,1099,5000,136.319,0.123927
20,1,3000,0.2,5,30,2000,1,berlin52,11229.1,1531,5000,161.3,0.105287
20,1,3000,0.2,5,30,2000,1,eil101,1037.06,4612,5000,235.395,0.0510286
20,1,3000,0.2,5,30,2000,1,eil51,669.03,2601,5000,209.48,0.0805074
20,1,3000,0.2,5,30,2000,1,eil76,853,4631,5000,229.214,0.0494848
20,1,3000,0.2,5,30,2000,1,fri26,1302,1252,5000,142.943,0.11408
20,1,3000,0.2,5,30,2000,1,gr17,2760,487,5000,108.258,0.22184
20,1,3000,0.2,5,30,2000,1,gr21,7980,3259,5000,218.881,0.0671413
20,1,3000,0.2,5,30,2000,1,gr24,1865,93,5000,93.0498,0.989892
20,1,3000,0.2,5,30,2000,1,gr48,7282,3839,5000,224.755,0.05853
20,2,3000,0.2,5,30,2000,1,bays29,2973,2516,5000,199.563,0.0792862
20,2,3000,0.2,5,30,2000,1,berlin52,11182.4,2448,5000,203.815,0.0832239
20,2,3000,0.2,5,30,2000,1,eil101,1063.23,4765,5000,235.694,0.0494532
20,2,3000,0.2,5,30,2000,1,eil51,653.33,3737,5000,226.14,0.0604975
20,2,3000,0.2,5,30,2000,1,eil76,867.68,4592,5000,229.72,0.0500153
20,2,3000,0.2,5,30,2000,1,fri26,1349,2716,5000,208.28,0.0766583
20,2,3000,0.2,5,30,2000,1,gr17,2760,385,5000,104.369,0.270386
20,2,3000,0.2,5,30,2000,1,gr21,8108,1116,5000,136.804,0.122474
20,2,3000,0.2,5,30,2000,1,gr24,1845,1150,5000,138.858,0.120641
20,2,3000,0.2,5,30,2000,1,gr48,7399,3526,5000,226.138,0.0641162
22,3,3000,0.3,3,30,1000,1,bays29,2993,579,5000,69.3363,0.119545
22,3,3000,0.3,3,30,1000,1,berlin52,11691.1,2938,5000,178.614,0.0607738
22,3,3000,0.3,3,30,1000,1,eil101,1059.37,4847,5000,235.155,0.0485056
22,3,3000,0.3,3,30,1000,1,eil51,646.93,2545,5000,160.278,0.0629528
22,3,3000,0.3,3,30,1000,1,eil76,848.38,4972,5000,229.246,0.0460982
22,3,3000,0.3,3,30,1000,1,fri26,1302,779,5000,78.0359,0.100046
22,3,3000,0.3,3,30,1000,1,gr17,2760,347,5000,58.0233,0.166734
22,3,3000,0.3,3,30,1000,1,gr21,8329,799,5000,78.3409,0.0979262
22,3,3000,0.3,3,30,1000,1,gr24,1855,603,5000,70.2179,0.116255
22,3,3000,0.3,3,30,1000,1,gr48,7804,1064,5000,93.1437,0.0874589
23,3,3000,0.3,5,15,1500,0,bays29,2916,1984,5000,137.52,0.0692797
23,3,3000,0.3,5,15,1500,0,berlin52,11539.5,2137,5000,146.602,0.0685696
23,3,3000,0.3,5,15,1500,0,eil101,1030.09,4305,5000,210.275,0.0488331
23,3,3000,0.3,5,15,1500,0,eil51,658.5,1427,5000,118.054,0.0826707
23,3,3000,0.3,5,15,1500,0,eil76,860.18,2907,5000,180.651,0.0621222
23,3,3000,0.3,5,15,1500,0,fri26,1383,742,5000,87.3537,0.117569
23,3,3000,0.3,5,15,1500,0,gr17,2858,454,5000,75.3084,0.165513
23,3,3000,0.3,5,15,1500,0,gr21,8109,2624,5000,159.45,0.0607427
23,3,3000,0.3,5,15,1500,0,gr24,1843,560,5000,80.1443,0.14286
23,3,3000,0.3,5,15,1500,0,gr48,7599,2681,5000,166.901,0.06223
22,2,3000,0.3,3,30,1000,1,bays29,2958,936,5000,85.441,0.0911856
22,2,3000,0.3,3,30,1000,1,berlin52,11508.6,2627,5000,166.38,0.0633105
22,2,3000,0.3,3,30,1000,1,eil101,1020.85,4919,5000,238.213,0.0484173
22,2,3000,0.3,3,30,1000,1,eil51,653.71,2771,5000,171.865,0.0620005
22,2,3000,0.3,3,30,1000,1,eil76,870.1,4895,5000,231.276,0.0472376
22,2,3000,0.3,3,30,1000,1,fri26,1301,986,5000,87.549,0.0887022
22,2,3000,0.3,3,30,1000,1,gr17,2760,211,5000,53.0757,0.250357
22,2,3000,0.3,3,30,1000,1,gr21,8165,1961,5000,130.347,0.0664359
22,2,3000,0.3,3,30,1000,1,gr24,1818,651,5000,73.0061,0.111973
22,2,3000,0.3,3,30,1000,1,gr48,7487,2539,5000,160.617,0.0632351
24,1,3000,0.3,7,20,2000,1,bays29,3060,968,5000,117.359,0.121114
24,1,3000,0.3,7,20,2000,1,berlin52,11742.3,2354,5000,178.405,0.0757559
24,1,3000,0.3,7,20,2000,1,eil101,1010.87,4762,5000,212.26,0.0445643
24,1,3000,0.3,7,20,2000,1,eil51,669.44,1816,5000,156.29,0.0860155
24,1,3000,0.3,7,20,2000,1,eil76,861.36,3807,5000,206.613,0.0542577
24,1,3000,0.3,7,20,2000,1,fri26,1283,685,5000,106.233,0.154858
24,1,3000,0.3,7,20,2000,1,gr17,2996,50,5000,80.5975,1.58034
24,1,3000,0.3,7,20,2000,1,gr21,7788,1292,5000,129.266,0.0999735
24,1,3000,0.3,7,20,2000,1,gr24,1823,1102,5000,122.622,0.111171
24,1,3000,0.3,7,20,2000,1,gr48,7649,2176,5000,170.939,0.0785206
23,1,3000,0.3,5,15,1500,0,bays29,2922,2169,5000,152.757,0.0703949
23,1,3000,0.3,5,15,1500,0,berlin52,11540.2,4378,5000,213.346,0.0487203
23,1,3000,0.3,5,15,1500,0,eil101,1017.7,4782,5000,221.334,0.0462751
23,1,3000,0.3,5,15,1500,0,eil51,657.71,4165,5000,212.684,0.0510524
23,1,3000,0.3,5,15,1500,0,eil76,845.41,4485,5000,215.283,0.0479899
23,1,3000,0.3,5,15,1500,0,fri26,1320,552,5000,84.862,0.153458
23,1,3000,0.3,5,15,1500,0,gr17,2760,482,5000,80.2198,0.166087
23,1,3000,0.3,5,15,1500,0,gr21,8021,496,5000,82.0391,0.165069
23,1,3000,0.3,5,15,1500,0,gr24,1892,1374,5000,118.612,0.0862633
23,1,3000,0.3,5,15,1500,0,gr48,7693,1870,5000,142.949,0.0764023
24,2,3000,0.3,7,20,2000,1,bays29,2951,1502,5000,137.108,0.0912227
24,2,3000,0.3,7,20,2000,1,berlin52,12058.5,2738,5000,194.106,0.0708673
24,2,3000,0.3,7,20,2000,1,eil101,1039.54,4824,5000,211.364,0.0438061
24,2,3000,0.3,7,20,2000,1,eil51,645.27,3295,5000,202.996,0.0615885
24,2,3000,0.3,7,20,2000,1,eil76,832.16,4742,5000,204.781,0.0431755
24,2,3000,0.3,7,20,2000,1,fri26,1361,138,5000,84.6834,0.609233
24,2,3000,0.3,7,20,2000,1,gr17,2858,163,5000,84.5174,0.51535
24,2,3000,0.3,7,20,2000,1,gr21,7788,886,5000,112.653,0.127005
24,2,3000,0.3,7,20,2000,1,gr24,1840,565,5000,100.598,0.177735
24,2,3000,0.3,7,20,2000,1,gr48,7618,3803,5000,202.396,0.053206
24,3,3000,0.3,7,20,2000,1,bays29,2936,952,5000,116.681,0.122436
24,3,3000,0.3,7,20,2000,1,berlin52,11698.1,3497,5000,205.242,0.0586741
24,3,3000,0.3,7,20,2000,1,eil101,1033.59,4806,5000,212.826,0.0442742
24,3,3000,0.3,7,20,2000,1,eil51,642.76,2418,5000,180.712,0.0747053
24,3,3000,0.3,7,20,2000,1,eil76,855.56,3642,5000,206.956,0.0568093
24,3,3000,0.3,7,20,2000,1,fri26,1320,713,5000,107.189,0.150124
24,3,3000,0.3,7,20,2000,1,gr17,2760,377,5000,93.0943,0.246281
24,3,3000,0.3,7,20,2000,1,gr21,8021,1166,5000,124.611,0.106779
24,3,3000,0.3,7,20,2000,1,gr24,1840,2181,5000,165.349,0.0757786
24,3,3000,0.3,7,20,2000,1,gr48,7687,3851,5000,202.309,0.0525205
23,2,3000,0.3,5,15,1500,0,bays29,2990,2366,5000,162.627,0.0687059
23,2,3000,0.3,5,15,1500,0,berlin52,12313.3,4955,5000,214.536,0.0432881
23,2,3000,0.3,5,15,1500,0,eil101,1030.65,4949,5000,222.584,0.0449664
23,2,3000,0.3,5,15,1500,0,eil51,665.03,4948,5000,213.774,0.0431953
23,2,3000,0.3,5,15,1500,0,eil76,873.39,4818,5000,215.766,0.044774
23,2,3000,0.3,5,15,1500,0,fri26,1301,662,5000,89.8777,0.135562
23,2,3000,0.3,5,15,1500,0,gr17,2760,1863,5000,138.226,0.0741557
23,2,3000,0.3,5,15,1500,0,gr21,8268,3274,5000,197.481,0.0602995
23,2,3000,0.3,5,15,1500,0,gr24,1823,1375,5000,119.281,0.0866867
23,2,3000,0.3,5,15,1500,0,gr48,7706,3923,5000,212.793,0.0542285
26,2,3000,0.4,5,20,1000,1,bays29,2942,1416,5000,94.26,0.0665208
26,2,3000,0.4,5,20,1000,1,berlin52,11533.3,2393,5000,137.799,0.0575603
26,2,3000,0.4,5,20,1000,1,eil101,1037.89,3356,5000,184.818,0.0550546
26,2,3000,0.4,5,20,1000,1,eil51,652.14,3255,5000,172.653,0.053026
26,2,3000,0.4,5,20,1000,1,eil76,866.61,2851,5000,159.298,0.0558549
26,2,3000,0.4,5,20,1000,1,fri26,1283,1093,5000,81.6544,0.0746384
26,2,3000,0.4,5,20,1000,1,gr17,2760,416,5000,54.8529,0.131542
26,2,3000,0.4,5,20,1000,1,gr21,8511,1010,5000,78.3119,0.0774599
26,2,3000,0.4,5,20,1000,1,gr24,1845,359,5000,53.3165,0.148101
26,2,3000,0.4,5,20,1000,1,gr48,7669,2709,5000,149.951,0.0553325
26,1,3000,0.4,5,20,1000,1,bays29,2906,907,5000,79.5634,0.0876248
26,1,3000,0.4,5,20,1000,1,berlin52,11822.1,2410,5000,147.846,0.0613214
26,1,3000,0.4,5,20,1000,1,eil101,1061.47,4174,5000,225.229,0.053947
26,1,3000,0.4,5,20,1000,1,eil51,668.91,2074,5000,132.694,0.0639487
26,1,3000,0.4,5,20,1000,1,eil76,872.42,4532,5000,218.503,0.0482028
26,1,3000,0.4,5,20,1000,1,fri26,1283,265,5000,52.9931,0.199222
26,1,3000,0.4,5,20,1000,1,gr17,2760,306,5000,53.8503,0.175408
26,1,3000,0.4,5,20,1000,1,gr21,8243,498,5000,62.1932,0.124636
26,1,3000,0.4,5,20,1000,1,gr24,1841,837,5000,76.4619,0.0912433
26,1,3000,0.4,5,20,1000,1,gr48,7612,2152,5000,135.57,0.062968
26,3,3000,0.4,5,20,1000,1,bays29,2916,1224,5000,92.0921,0.0751772
26,3,3000,0.4,5,20,1000,1,berlin52,11423.5,2820,5000,165.465,0.0586549
26,3,3000,0.4,5,20,1000,1,eil101,1031.57,4435,5000,225.237,0.0507749
26,3,3000,0.4,5,20,1000,1,eil51,654.15,2320,5000,142.851,0.0615472
26,3,3000,0.4,5,20,1000,1,eil76,864.26,4997,5000,218.384,0.0436943
26,3,3000,0.4,5,20,1000,1,fri26,1283,720,5000,71.5391,0.0992221
26,3,3000,0.4,5,20,1000,1,gr17,2760,297,5000,53.5194,0.179595
26,3,3000,0.4,5,20,1000,1,gr21,8286,503,5000,62.2405,0.123493
26,3,3000,0.4,5,20,1000,1,gr24,1855,1107,5000,87.1461,0.0786517
26,3,3000,0.4,5,20,1000,1,gr48,7686,3265,5000,182.07,0.055747
27,1,3000,0.4,7,30,1500,0,bays29,2939,840,5000,101.622,0.120835
27,1,3000,0.4,7,30,1500,0,berlin52,11562.8,1428,5000,129.603,0.0906946
27,1,3000,0.4,7,30,1500,0,eil101,1050.35,3723,5000,230.534,0.0619049
27,1,3000,0.4,7,30,1500,0,eil51,662.14,4275,5000,218.172,0.0510225
27,1,3000,0.4,7,30,1500,0,eil76,865.82,4791,5000,221.655,0.0462553
27,1,3000,0.4,7,30,1500,0,fri26,1283,891,5000,101.757,0.114077
27,1,3000,0.4,7,30,1500,0,gr17,2760,246,5000,73.8059,0.298809
27,1,3000,0.4,7,30,1500,0,gr21,7962,811,5000,97.8092,0.120455
27,1,3000,0.4,7,30,1500,0,gr24,1855,593,5000,88.9307,0.149715
27,1,3000,0.4,7,30,1500,0,gr48,7680,1825,5000,145.383,0.0796182
27,2,3000,0.4,7,30,1500,0,bays29,2936,1305,5000,121.4,0.0929557
27,2,3000,0.4,7,30,1500,0,berlin52,11799.1,1348,5000,126.519,0.0937874
27,2,3000,0.4,7,30,1500,0,eil101,1012.79,4569,5000,229.438,0.0502052
27,2,3000,0.4,7,30,1500,0,eil51,663.77,3743,5000,219.96,0.0587501
27,2,3000,0.4,7,30,1500,0,eil76,861.8,3849,5000,223.716,0.0581079
27,2,3000,0.4,7,30,1500,0,fri26,1337,1339,5000,121.055,0.0903394
27,2,3000,0.4,7,30,1500,0,gr17,2760,416,5000,80.9945,0.194231
27,2,3000,0.4,7,30,1500,0,gr21,8220,721,5000,94.3227,0.130641
27,2,3000,0.4,7,30,1500,0,gr24,1859,1070,5000,109.459,0.102203
27,2,3000,0.4,7,30,1500,0,gr48,7697,3544,5000,219.16,0.0618224
25,3,3000,0.4,3,15,2000,0,bays29,2942,1209,5000,133.997,0.110741
25,3,3000,0.4,3,15,2000,0,berlin52,11417.6,2389,5000,186.924,0.0782108
25,3,3000,0.4,3,15,2000,0,eil101,1038.55,4924,5000,220.631,0.0447982
25,3,3000,0.4,3,15,2000,0,eil51,656.48,3766,5000,211.407,0.0561209
25,3,3000,0.4,3,15,2000,0,eil76,862.34,4781,5000,213.348,0.0446148
25,3,3000,0.4,3,15,2000,0,fri26,1302,1323,5000,136.433,0.103046
25,3,3000,0.4,3,15,2000,0,gr17,2760,236,5000,91.171,0.384688
25,3,3000,0.4,3,15,2000,0,gr21,8031,1447,5000,140.663,0.0971427
25,3,3000,0.4,3,15,2000,0,gr24,1855,623,5000,107.991,0.173062
25,3,3000,0.4,3,15,2000,0,gr48,7390,1445,5000,145.534,0.100646
25,2,3000,0.4,3,15,2000,0,bays29,2941,2362,5000,181.295,0.0767222
25,2,3000,0.4,3,15,2000,0,berlin52,11504.5,4555,5000,212.557,0.0466543
25,2,3000,0.4,3,15,2000,0,eil101,1071.6,4670,5000,220.733,0.0472561
25,2,3000,0.4,3,15,2000,0,eil51,640.07,4264,5000,212.32,0.0497819
25,2,3000,0.4,3,15,2000,0,eil76,868.27,4804,5000,213.223,0.0443753
25,2,3000,0.4,3,15,2000,0,fri26,1301,838,5000,116.862,0.139287
25,2,3000,0.4,3,15,2000,0,gr17,2760,200,5000,89.9578,0.447551
25,2,3000,0.4,3,15,2000,0,gr21,8069,1260,5000,133.781,0.106091
25,2,3000,0.4,3,15,2000,0,gr24,1873,276,5000,94.1922,0.340044
25,2,3000,0.4,3,15,2000,0,gr48,7625,3756,5000,211.516,0.0562992
25,1,3000,0.4,3,15,2000,0,bays29,2936,917,5000,123.238,0.134246
25,1,3000,0.4,3,15,2000,0,berlin52,11570.8,4579,5000,213.011,0.046509
25,1,3000,0.4,3,15,2000,0,eil101,1024.3,4891,5000,222.475,0.0454773
25,1,3000,0.4,3,15,2000,0,eil51,659.13,4529,5000,212.79,0.0469736
25,1,3000,0.4,3,15,2000,0,eil76,865.26,4888,5000,216.992,0.0443837
25,1,3000,0.4,3,15,2000,0,fri26,1283,3482,5000,208.124,0.0597541
25,1,3000,0.4,3,15,2000,0,gr17,2760,482,5000,101.133,0.209385
25,1,3000,0.4,3,15,2000,0,gr21,8344,918,5000,120.685,0.131322
25,1,3000,0.4,3,15,2000,0,gr24,1855,1122,5000,129.765,0.115552
25,1,3000,0.4,3,15,2000,0,gr48,7548,2590,5000,194.789,0.0751791
27,3,3000,0.4,7,30,1500,0,bays29,2942,657,5000,98.3016,0.149394
27,3,3000,0.4,7,30,1500,0,berlin52,11449.7,4626,5000,233.203,0.0504005
27,3,3000,0.4,7,30,1500,0,eil101,1010.53,4724,5000,240.835,0.0509704
27,3,3000,0.4,7,30,1500,0,eil51,654.62,2944,5000,206.941,0.0702685
27,3,3000,0.4,7,30,1500,0,eil76,879.48,4144,5000,235.958,0.056926
27,3,3000,0.4,7,30,1500,0,fri26,1302,1160,5000,120.59,0.103867
27,3,3000,0.4,7,30,1500,0,gr17,2760,33,5000,69.2032,2.03539
27,3,3000,0.4,7,30,1500,0,gr21,8192,1024,5000,113.827,0.111051
27,3,3000,0.4,7,30,1500,0,gr24,1838,1135,5000,119.148,0.104884
27,3,3000,0.4,7,30,1500,0,gr48,7733,3068,5000,211.81,0.0690158
